"","user_pseudo_id"
"1","248A372CD2ED3B5D62866E77AC6D661B"
"2","F0DDF083423215EAC2148F4E94ADFCA8"
"3","032918145D0FE92E31B0D5194DB1A4C3"
"4","B5AD6569D99E82C2EE44E38C3487F49D"
"5","53C62BFF7D715334B8C3C4904EC34880"
"6","E7F45BD93A980C6443443893DCDC0048"
"7","4C038479B275A5F024A8A7604F92BF38"
"8","4032085C28047CF8EA19354C6DD88A82"
"9","18CB1F3F03C919DE0D79B07F291F7DB2"
"10","C021984971708350A5394E695922BF35"
"11","210C3692734E251EEF4E952BC57DD998"
"12","2E03DB1924573F3131EEC916E5444F56"
"13","C4D5047D953E47CF2ECFF6E827420A99"
"14","27E0D1C7B0A13B685AE0F2AA89B8B1A0"
"15","7FDDC95340BC25D0D2BD52328DCADD7E"
"16","1764DE126468943A92164D6E0063E36B"
"17","4ECE982F87221BF7A2C3642A15329244"
"18","7107B8B93B285616D099D9010F6AD834"
"19","6202381695390EB9E0F6CC22E9E55443"
"20","7E6F90C9AB757305FD6E4605C030A7B2"
"21","6C07A737EA896840697ACE56AC23A3A9"
"22","BE2B55BEAA4A435D8CB9FE792C9CB605"
"23","FBA8767310C829F9C28F06146B83A08D"
"24","8BB00DF4D414F28B66E557C9846232AA"
"25","FFB030A91BE1315EE25A6BA619E1D903"
"26","99FF1F3E739596EE936E38229B416431"
"27","D4A11F0C6E87988E9DA1475EAF38137A"
